Workbook

Sheet Production_Data
A1: FOOD MANUFACTURING — PRODUCTION & MAINTENANCE ANALYSIS
A2: Potato Chips Manufacturing | 120 Days | 360 Production Records
A4: Record_ID | B4: Date | C4: Shift | D4: Line | E4: Product | F4: Target_kg | G4: Actual_kg | H4: Good_Product_kg | I4: Reject_kg | J4: Downtime_hr | K4: Downtime_Reason | L4: Maintenance_Type | M4: Raw_Potato_kg | N4: Oil_kg | O4: Energy_kWh | P4: Fryer_Temp_C | Q4: Moisture_% | R4: Maintenance_Cost_USD | S4: Achievement_% | T4: Availability_% | U4: Performance_% | V4: Quality_% | W4: OEE_% | X4: Reject_Rate_% | Y4: Material_Yield_% | Z4: Energy_per_kg | AA4: Maintenance_Status
A5: 1 | B5: 46023 | C5: Day | D5: Line 2 | E5: Classic Chips | F5: 1034 | G5: 965.8 | H5: 958 | I5: 7.9 | J5: 0.03 | K5: No Downtime | L5: None | M5: 2025 | N5: 341.9 | O5: 113318 | P5: 176.6 | Q5: 1.73 | R5: 0 | S5: =G5/F5 -> 0.93404255 | T5: =MAX(0,1-J5/8) -> 0.99625 | U5: =IFERROR(G5/(F5*T5),0) -> 0.9375584 | V5: =IFERROR(H5/G5,0) -> 0.99192379 | W5: =T5*U5*V5 -> 0.92649903 | X5: =IFERROR(I5/G5,0) -> 0.0081797474 | Y5: =IFERROR(G5/M5,0) -> 0.47693827 | Z5: =IFERROR(O5/G5,0) -> 117.33071 | AA5: =IF(L5="None","No Maintenance",IF(L5="Preventive","Planned","Breakdown")) -> No Maintenance
A6: 2 | B6: 46023 | C6: Evening | D6: Line 1 | E6: Classic Chips | F6: 932 | G6: 837.8 | H6: 836.2 | I6: 1.7 | J6: 0 | K6: No Downtime | L6: None | M6: 1634.2 | N6: 266.3 | O6: 97290.6 | P6: 171.5 | Q6: 1.56 | R6: 0 | S6: =G6/F6 -> 0.89892704 | T6: =MAX(0,1-J6/8) -> 1 | U6: =IFERROR(G6/(F6*T6),0) -> 0.89892704 | V6: =IFERROR(H6/G6,0) -> 0.99809024 | W6: =T6*U6*V6 -> 0.8972103 | X6: =IFERROR(I6/G6,0) -> 0.0020291239 | Y6: =IFERROR(G6/M6,0) -> 0.51266675 | Z6: =IFERROR(O6/G6,0) -> 116.12628 | AA6: =IF(L6="None","No Maintenance",IF(L6="Preventive","Planned","Breakdown")) -> No Maintenance
A7: 3 | B7: 46023 | C7: Night | D7: Line 2 | E7: Classic Chips | F7: 927 | G7: 681.2 | H7: 676.2 | I7: 5 | J7: 1.08 | K7: Electrical Fault | L7: Corrective | M7: 1391 | N7: 211.2 | O7: 86027.9 | P7: 178.8 | Q7: 1.6 | R7: 575.92 | S7: =G7/F7 -> 0.73484358 | T7: =MAX(0,1-J7/8) -> 0.865 | U7: =IFERROR(G7/(F7*T7),0) -> 0.84953015 | V7: =IFERROR(H7/G7,0) -> 0.99266001 | W7: =T7*U7*V7 -> 0.72944984 | X7: =IFERROR(I7/G7,0) -> 0.0073399883 | Y7: =IFERROR(G7/M7,0) -> 0.48971963 | Z7: =IFERROR(O7/G7,0) -> 126.28876 | AA7: =IF(L7="None","No Maintenance",IF(L7="Preventive","Planned","Breakdown")) -> Breakdown
A8: 4 | B8: 46024 | C8: Day | D8: Line 2 | E8: Paprika Chips | F8: 1035 | G8: 737.2 | H8: 723.6 | I8: 13.6 | J8: 2.03 | K8: Planned Maintenance | L8: Preventive | M8: 1494.3 | N8: 244.2 | O8: 84713.1 | P8: 178.3 | Q8: 1.69 | R8: 168.33 | S8: =G8/F8 -> 0.71227053 | T8: =MAX(0,1-J8/8) -> 0.74625 | U8: =IFERROR(G8/(F8*T8),0) -> 0.95446637 | V8: =IFERROR(H8/G8,0) -> 0.98155182 | W8: =T8*U8*V8 -> 0.69913043 | X8: =IFERROR(I8/G8,0) -> 0.018448182 | Y8: =IFERROR(G8/M8,0) -> 0.49334136 | Z8: =IFERROR(O8/G8,0) -> 114.91196 | AA8: =IF(L8="None","No Maintenance",IF(L8="Preventive","Planned","Breakdown")) -> Planned
A9: 5 | B9: 46024 | C9: Evening | D9: Line 1 | E9: Classic Chips | F9: 962 | G9: 868.2 | H9: 863.1 | I9: 5.1 | J9: 0.15 | K9: No Downtime | L9: None | M9: 1784.5 | N9: 277.2 | O9: 112721.2 | P9: 175.7 | Q9: 1.99 | R9: 0 | S9: =G9/F9 -> 0.9024948 | T9: =MAX(0,1-J9/8) -> 0.98125 | U9: =IFERROR(G9/(F9*T9),0) -> 0.91973993 | V9: =IFERROR(H9/G9,0) -> 0.99412578 | W9: =T9*U9*V9 -> 0.89719335 | X9: =IFERROR(I9/G9,0) -> 0.0058742225 | Y9: =IFERROR(G9/M9,0) -> 0.48652284 | Z9: =IFERROR(O9/G9,0) -> 129.83322 | AA9: =IF(L9="None","No Maintenance",IF(L9="Preventive","Planned","Breakdown")) -> No Maintenance
A10: 6 | B10: 46024 | C10: Night | D10: Line 2 | E10: Classic Chips | F10: 1042 | G10: 798.9 | H10: 786.3 | I10: 12.6 | J10: 0.16 | K10: No Downtime | L10: None | M10: 1711.3 | N10: 226.1 | O10: 95699.3 | P10: 175.5 | Q10: 1.79 | R10: 0 | S10: =G10/F10 -> 0.76669866 | T10: =MAX(0,1-J10/8) -> 0.98 | U10: =IFERROR(G10/(F10*T10),0) -> 0.78234557 | V10: =IFERROR(H10/G10,0) -> 0.98422831 | W10: =T10*U10*V10 -> 0.75460653 | X10: =IFERROR(I10/G10,0) -> 0.015771686 | Y10: =IFERROR(G10/M10,0) -> 0.46683808 | Z10: =IFERROR(O10/G10,0) -> 119.78883 | AA10: =IF(L10="None","No Maintenance",IF(L10="Preventive","Planned","Breakdown")) -> No Maintenance
A11: 7 | B11: 46025 | C11: Day | D11: Line 2 | E11: Paprika Chips | F11: 1023 | G11: 861.3 | H11: 849.6 | I11: 11.8 | J11: 0.99 | K11: Conveyor Jam | L11: Corrective | M11: 1714.7 | N11: 284.9 | O11: 110810.1 | P11: 167.7 | Q11: 1.56 | R11: 535.93 | S11: =G11/F11 -> 0.84193548 | T11: =MAX(0,1-J11/8) -> 0.87625 | U11: =IFERROR(G11/(F11*T11),0) -> 0.96083935 | V11: =IFERROR(H11/G11,0) -> 0.98641588 | W11: =T11*U11*V11 -> 0.83049853 | X11: =IFERROR(I11/G11,0) -> 0.013700221 | Y11: =IFERROR(G11/M11,0) -> 0.50230361 | Z11: =IFERROR(O11/G11,0) -> 128.65448 | AA11: =IF(L11="None","No Maintenance",IF(L11="Preventive","Planned","Breakdown")) -> Breakdown
A12: 8 | B12: 46025 | C12: Evening | D12: Line 2 | E12: Classic Chips | F12: 1046 | G12: 821.9 | H12: 815.3 | I12: 6.6 | J12: 0.94 | K12: Conveyor Jam | L12: Emergency | M12: 1764.1 | N12: 281.5 | O12: 86570.5 | P12: 181.9 | Q12: 1.47 | R12: 1224.77 | S12: =G12/F12 -> 0.78575526 | T12: =MAX(0,1-J12/8) -> 0.8825 | U12: =IFERROR(G12/(F12*T12),0) -> 0.89037423 | V12: =IFERROR(H12/G12,0) -> 0.99196983 | W12: =T12*U12*V12 -> 0.77944551 | X12: =IFERROR(I12/G12,0) -> 0.008030174 | Y12: =IFERROR(G12/M12,0) -> 0.46590329 | Z12: =IFERROR(O12/G12,0) -> 105.32972 | AA12: =IF(L12="None","No Maintenance",IF(L12="Preventive","Planned","Breakdown")) -> Breakdown
A13: 9 | B13: 46025 | C13: Night | D13: Line 2 | E13: Classic Chips | F13: 902 | G13: 556.3 | H13: 544.8 | I13: 11.5 | J13: 1.97 | K13: Quality Hold | L13: Corrective | M13: 1077.2 | N13: 182.1 | O13: 67936.1 | P13: 177.6 | Q13: 1.74 | R13: 324.83 | S13: =G13/F13 -> 0.61674058 | T13: =MAX(0,1-J13/8) -> 0.75375 | U13: =IFERROR(G13/(F13*T13),0) -> 0.81822962 | V13: =IFERROR(H13/G13,0) -> 0.9793277 | W13: =T13*U13*V13 -> 0.60399113 | X13: =IFERROR(I13/G13,0) -> 0.020672299 | Y13: =IFERROR(G13/M13,0) -> 0.51643149 | Z13: =IFERROR(O13/G13,0) -> 122.12134 | AA13: =IF(L13="None","No Maintenance",IF(L13="Preventive","Planned","Breakdown")) -> Breakdown
A14: 10 | B14: 46026 | C14: Day | D14: Line 1 | E14: Paprika Chips | F14: 924 | G14: 607 | H14: 597 | I14: 10 | J14: 2.43 | K14: Quality Hold | L14: Corrective | M14: 1212.6 | N14: 200.1 | O14: 66492.9 | P14: 173.8 | Q14: 1.62 | R14: 508.35 | S14: =G14/F14 -> 0.65692641 | T14: =MAX(0,1-J14/8) -> 0.69625 | U14: =IFERROR(G14/(F14*T14),0) -> 0.94352087 | V14: =IFERROR(H14/G14,0) -> 0.98352554 | W14: =T14*U14*V14 -> 0.6461039 | X14: =IFERROR(I14/G14,0) -> 0.016474465 | Y14: =IFERROR(G14/M14,0) -> 0.50057727 | Z14: =IFERROR(O14/G14,0) -> 109.54349 | AA14: =IF(L14="None","No Maintenance",IF(L14="Preventive","Planned","Breakdown")) -> Breakdown
A15: 11 | B15: 46026 | C15: Evening | D15: Line 2 | E15: Salt & Vinegar | F15: 909 | G15: 574.9 | H15: 562 | I15: 12.8 | J15: 2.49 | K15: Planned Maintenance | L15: Preventive | M15: 1174.2 | N15: 202.7 | O15: 64085 | P15: 171.6 | Q15: 1.71 | R15: 274.94 | S15: =G15/F15 -> 0.63245325 | T15: =MAX(0,1-J15/8) -> 0.68875 | U15: =IFERROR(G15/(F15*T15),0) -> 0.91826243 | V15: =IFERROR(H15/G15,0) -> 0.97756132 | W15: =T15*U15*V15 -> 0.61826183 | X15: =IFERROR(I15/G15,0) -> 0.022264742 | Y15: =IFERROR(G15/M15,0) -> 0.48960995 | Z15: =IFERROR(O15/G15,0) -> 111.47156 | AA15: =IF(L15="None","No Maintenance",IF(L15="Preventive","Planned","Breakdown")) -> Planned
A16: 12 | B16: 46026 | C16: Night | D16: Line 1 | E16: Classic Chips | F16: 1028 | G16: 807.7 | H16: 791.5 | I16: 16.2 | J16: 1.18 | K16: Packaging Machine | L16: Emergency | M16: 1658.6 | N16: 248.7 | O16: 93773.3 | P16: 175.5 | Q16: 1.51 | R16: 1151.45 | S16: =G16/F16 -> 0.78570039 | T16: =MAX(0,1-J16/8) -> 0.8525 | U16: =IFERROR(G16/(F16*T16),0) -> 0.92164269 | V16: =IFERROR(H16/G16,0) -> 0.97994305 | W16: =T16*U16*V16 -> 0.76994163 | X16: =IFERROR(I16/G16,0) -> 0.020056952 | Y16: =IFERROR(G16/M16,0) -> 0.48697697 | Z16: =IFERROR(O16/G16,0) -> 116.09917 | AA16: =IF(L16="None","No Maintenance",IF(L16="Preventive","Planned","Breakdown")) -> Breakdown
... A364: 360 | B364: 46142 | C364: Night | D364: Line 1 | E364: Paprika Chips | F364: 974 | G364: 803.2 | H364: 801.4 | I364: 1.8 | J364: 0.25 | K364: No Downtime | L364: None | M364: 1682.5 | N364: 263.1 | O364: 92308.8 | P364: 182.2 | Q364: 1.76 | R364: 0 | S364: =G364/F364 -> 0.82464066 | T364: =MAX(0,1-J364/8) -> 0.96875 | U364: =IFERROR(G364/(F364*T364),0) -> 0.85124197 | V364: =IFERROR(H364/G364,0) -> 0.99775896 | W364: =T364*U364*V364 -> 0.82279261 | X364: =IFERROR(I364/G364,0) -> 0.0022410359 | Y364: =IFERROR(G364/M364,0) -> 0.47738484 | Z364: =IFERROR(O364/G364,0) -> 114.92629 | AA364: =IF(L364="None","No Maintenance",IF(L364="Preventive","Planned","Breakdown")) -> No Maintenance

Sheet Maintenance_Log
A1: MAINTENANCE EVENT LOG
A3: Event_ID | B3: Date | C3: Shift | D3: Line | E3: Product | F3: Maintenance_Type | G3: Failure_or_Task | H3: Downtime_hr | I3: Technician_Hours | J3: Maintenance_Cost_USD | K3: Status
A4: 1 | B4: 46023 | C4: Night | D4: Line 2 | E4: Classic Chips | F4: Corrective | G4: Electrical Fault | H4: 1.08 | I4: 19 | J4: 575.92 | K4: Completed
A5: 2 | B5: 46024 | C5: Day | D5: Line 2 | E5: Paprika Chips | F5: Preventive | G5: Planned Maintenance | H5: 2.03 | I5: 15 | J5: 168.33 | K5: Completed
A6: 3 | B6: 46025 | C6: Day | D6: Line 2 | E6: Paprika Chips | F6: Corrective | G6: Conveyor Jam | H6: 0.99 | I6: 21 | J6: 535.93 | K6: Completed
A7: 4 | B7: 46025 | C7: Evening | D7: Line 2 | E7: Classic Chips | F7: Emergency | G7: Conveyor Jam | H7: 0.94 | I7: 6 | J7: 1224.77 | K7: Completed
A8: 5 | B8: 46025 | C8: Night | D8: Line 2 | E8: Classic Chips | F8: Corrective | G8: Quality Hold | H8: 1.97 | I8: 17 | J8: 324.83 | K8: Follow-up Required
A9: 6 | B9: 46026 | C9: Day | D9: Line 1 | E9: Paprika Chips | F9: Corrective | G9: Quality Hold | H9: 2.43 | I9: 7 | J9: 508.35 | K9: Completed
A10: 7 | B10: 46026 | C10: Evening | D10: Line 2 | E10: Salt & Vinegar | F10: Preventive | G10: Planned Maintenance | H10: 2.49 | I10: 19 | J10: 274.94 | K10: Completed
A11: 8 | B11: 46026 | C11: Night | D11: Line 1 | E11: Classic Chips | F11: Emergency | G11: Packaging Machine | H11: 1.18 | I11: 18 | J11: 1151.45 | K11: Completed
A12: 9 | B12: 46027 | C12: Evening | D12: Line 2 | E12: Classic Chips | F12: Corrective | G12: Raw Material Shortage | H12: 3.45 | I12: 10 | J12: 354.82 | K12: Completed
A13: 10 | B13: 46027 | C13: Night | D13: Line 1 | E13: Salt & Vinegar | F13: Corrective | G13: Quality Hold | H13: 3.01 | I13: 3 | J13: 668.86 | K13: Completed
A14: 11 | B14: 46028 | C14: Day | D14: Line 1 | E14: Paprika Chips | F14: Corrective | G14: Packaging Machine | H14: 3.56 | I14: 9 | J14: 538.77 | K14: Completed
A15: 12 | B15: 46028 | C15: Night | D15: Line 2 | E15: Paprika Chips | F15: Corrective | G15: Conveyor Jam | H15: 2.72 | I15: 20 | J15: 886.22 | K15: Completed
... A219: 216 | B219: 46142 | C219: Evening | D219: Line 2 | E219: Classic Chips | F219: Corrective | G219: Conveyor Jam | H219: 2.59 | I219: 12 | J219: 318.9 | K219: Completed

Sheet Project_Instructions
A1: FOOD MANUFACTURING PRODUCTION & MAINTENANCE PROJECT
A3: Scenario | B3: You are a Production Engineer supporting a potato chips manufacturing plant.
A4: Goal | B4: Improve output, equipment reliability, quality and maintenance effectiveness.
A5: Step 1 | B5: Review the data grain, dimensions, measures and maintenance events.
A6: Step 2 | B6: Perform data-quality checks: duplicates, missing values, ranges and unusual process values.
A7: Step 3 | B7: Calculate OEE = Availability × Performance × Quality and explain each component.
A8: Step 4 | B8: Compare OEE, output, downtime and rejects by production line.
A9: Step 5 | B9: Compare Day, Evening and Night shifts.
A10: Step 6 | B10: Compare products for output, rejects, material yield and energy/kg.
A11: Step 7 | B11: Build a Pareto analysis of downtime reasons.
A12: Step 8 | B12: Compare Preventive, Corrective and Emergency maintenance.
A13: Step 9 | B13: Calculate MTTR and MTBF from the maintenance log using clearly stated assumptions.
A14: Step 10 | B14: Identify the main reliability and production-loss areas.
... A16: Step 12 | B16: Write 5 evidence-based findings and 5 improvement recommendations.

Sheet KPI_Calculations
A1: KPI CALCULATION LAYER
A4: Total Target (kg) | B4: =SUM(Production_Data!F5:F364) -> 351084
A5: Total Actual (kg) | B5: =SUM(Production_Data!G5:G364) -> 265176.3
A6: Good Product (kg) | B6: =SUM(Production_Data!H5:H364) -> 261118.2
A7: Reject (kg) | B7: =SUM(Production_Data!I5:I364) -> 4059.8
A8: Achievement % | B8: =B5/B4 -> 0.75530728
A9: Average OEE % | B9: =AVERAGE(Production_Data!W5:W364) -> 0.74326301
A10: Average Availability % | B10: =AVERAGE(Production_Data!T5:T364) -> 0.80801736
A11: Average Performance % | B11: =AVERAGE(Production_Data!U5:U364) -> 0.95766829
A12: Average Quality % | B12: =AVERAGE(Production_Data!V5:V364) -> 0.98461774
A13: Total Downtime (hr) | B13: =SUM(Production_Data!J5:J364) -> 552.91
A14: Maintenance Cost | B14: =SUM(Production_Data!R5:R364) -> 133526.86
A15: Reject Rate % | B15: =B7/B6 -> 0.015547748
A16: Energy / kg | B16: =SUM(Production_Data!O5:O364)/B5 -> 118.2859

Sheet Shift_Analysis
A1: Shift | B1: Actual kg | C1: Achievement % | D1: OEE % | E1: Downtime hr | F1: Reject Rate % | G1: Energy/kg
A2: Day | B2: =SUMIF(Production_Data!C:C,A2,Production_Data!G:G) -> 92588.1 | C2: =SUMIF(Production_Data!C:C,A2,Production_Data!G:G)/SUMIF(Production_Data!C:C,A2,Production_Data!F:F) -> 0.79286246 | D2: =AVERAGEIF(Production_Data!C:C,A2,Production_Data!W:W) -> 0.78077887 | E2: =SUMIF(Production_Data!C:C,A2,Production_Data!J:J) -> 173.06 | F2: =SUMIF(Production_Data!C:C,A2,Production_Data!I:I)/SUMIF(Production_Data!C:C,A2,Production_Data!G:G) -> 0.014886362 | G2: =SUMIF(Production_Data!C:C,A2,Production_Data!O:O)/SUMIF(Production_Data!C:C,A2,Production_Data!G:G) -> 118.7138
A3: Evening | B3: =SUMIF(Production_Data!C:C,A3,Production_Data!G:G) -> 88654.4 | C3: =SUMIF(Production_Data!C:C,A3,Production_Data!G:G)/SUMIF(Production_Data!C:C,A3,Production_Data!F:F) -> 0.75221368 | D3: =AVERAGEIF(Production_Data!C:C,A3,Production_Data!W:W) -> 0.74058354 | E3: =SUMIF(Production_Data!C:C,A3,Production_Data!J:J) -> 195.43 | F3: =SUMIF(Production_Data!C:C,A3,Production_Data!I:I)/SUMIF(Production_Data!C:C,A3,Production_Data!G:G) -> 0.014751665 | G3: =SUMIF(Production_Data!C:C,A3,Production_Data!O:O)/SUMIF(Production_Data!C:C,A3,Production_Data!G:G) -> 118.26311
A4: Night | B4: =SUMIF(Production_Data!C:C,A4,Production_Data!G:G) -> 83933.8 | C4: =SUMIF(Production_Data!C:C,A4,Production_Data!G:G)/SUMIF(Production_Data!C:C,A4,Production_Data!F:F) -> 0.72077734 | D4: =AVERAGEIF(Production_Data!C:C,A4,Production_Data!W:W) -> 0.70842663 | E4: =SUMIF(Production_Data!C:C,A4,Production_Data!J:J) -> 184.42 | F4: =SUMIF(Production_Data!C:C,A4,Production_Data!I:I)/SUMIF(Production_Data!C:C,A4,Production_Data!G:G) -> 0.01636647 | G4: =SUMIF(Production_Data!C:C,A4,Production_Data!O:O)/SUMIF(Production_Data!C:C,A4,Production_Data!G:G) -> 117.83794
A5: Total | B5: =SUBTOTAL(109,Table7[Actual kg]) -> 265176.3 | C5: =SUBTOTAL(101,Table7[Achievement %]) -> 0.75528449 | D5: =SUBTOTAL(101,Table7[OEE %]) -> 0.74326301 | E5: =SUBTOTAL(109,Table7[Downtime hr]) -> 552.91 | F5: =SUBTOTAL(101,Table7[Reject Rate %]) -> 0.015334832 | G5: =SUBTOTAL(101,Table7[Energy/kg]) -> 118.27162

Sheet Line_Analysis
A1: Line | B1: Actual kg | C1: Achievement % | D1: OEE % | E1: Downtime hr | F1: Maintenance Cost | G1: Reject Rate %
A2: Line 1 | B2: =SUMIF(Production_Data!D:D,A2,Production_Data!G:G) -> 137262.6 | C2: =SUMIF(Production_Data!D:D,A2,Production_Data!G:G)/SUMIF(Production_Data!D:D,A2,Production_Data!F:F) -> 0.77510955 | D2: =AVERAGEIF(Production_Data!D:D,A2,Production_Data!W:W) -> 0.76318416 | E2: =SUMIF(Production_Data!D:D,A2,Production_Data!J:J) -> 275.19 | F2: =SUMIF(Production_Data!D:D,A2,Production_Data!R:R) -> 66752.27 | G2: =SUMIF(Production_Data!D:D,A2,Production_Data!I:I)/SUMIF(Production_Data!D:D,A2,Production_Data!G:G) -> 0.015111181
A3: Line 2 | B3: =SUMIF(Production_Data!D:D,A3,Production_Data!G:G) -> 127913.7 | C3: =SUMIF(Production_Data!D:D,A3,Production_Data!G:G)/SUMIF(Production_Data!D:D,A3,Production_Data!F:F) -> 0.73515311 | D3: =AVERAGEIF(Production_Data!D:D,A3,Production_Data!W:W) -> 0.72311928 | E3: =SUMIF(Production_Data!D:D,A3,Production_Data!J:J) -> 277.72 | F3: =SUMIF(Production_Data!D:D,A3,Production_Data!R:R) -> 66774.59 | G3: =SUMIF(Production_Data!D:D,A3,Production_Data!I:I)/SUMIF(Production_Data!D:D,A3,Production_Data!G:G) -> 0.015522966
A4: Total | B4: =SUBTOTAL(109,Table6[Actual kg]) -> 265176.3 | C4: =SUBTOTAL(101,Table6[Achievement %]) -> 0.75513133 | D4: =SUBTOTAL(101,Table6[OEE %]) -> 0.74315172 | E4: =SUBTOTAL(109,Table6[Downtime hr]) -> 552.91 | F4: =SUBTOTAL(109,Table6[Maintenance Cost]) -> 133526.86 | G4: =SUBTOTAL(101,Table6[Reject Rate %]) -> 0.015317073

Sheet Product_Analysis
A1: Product | B1: Actual kg | C1: Achievement % | D1: OEE % | E1: Reject Rate % | F1: Material Yield % | G1: Energy/kg
A2: Classic Chips | B2: =SUMIF(Production_Data!E:E,A2,Production_Data!G:G) -> 118725.1 | C2: =SUMIF(Production_Data!E:E,A2,Production_Data!G:G)/SUMIF(Production_Data!E:E,A2,Production_Data!F:F) -> 0.75160069 | D2: =AVERAGEIF(Production_Data!E:E,A2,Production_Data!W:W) -> 0.74003436 | E2: =SUMIF(Production_Data!E:E,A2,Production_Data!I:I)/SUMIF(Production_Data!E:E,A2,Production_Data!G:G) -> 0.014638859 | F2: =SUMIF(Production_Data!E:E,A2,Production_Data!G:G)/SUMIF(Production_Data!E:E,A2,Production_Data!M:M) -> 0.48767034 | G2: =SUMIF(Production_Data!E:E,A2,Production_Data!O:O)/SUMIF(Production_Data!E:E,A2,Production_Data!G:G) -> 117.9413
A3: Paprika Chips | B3: =SUMIF(Production_Data!E:E,A3,Production_Data!G:G) -> 78342.8 | C3: =SUMIF(Production_Data!E:E,A3,Production_Data!G:G)/SUMIF(Production_Data!E:E,A3,Production_Data!F:F) -> 0.75955518 | D3: =AVERAGEIF(Production_Data!E:E,A3,Production_Data!W:W) -> 0.74679557 | E3: =SUMIF(Production_Data!E:E,A3,Production_Data!I:I)/SUMIF(Production_Data!E:E,A3,Production_Data!G:G) -> 0.016162302 | F3: =SUMIF(Production_Data!E:E,A3,Production_Data!G:G)/SUMIF(Production_Data!E:E,A3,Production_Data!M:M) -> 0.48731072 | G3: =SUMIF(Production_Data!E:E,A3,Production_Data!O:O)/SUMIF(Production_Data!E:E,A3,Production_Data!G:G) -> 118.05274
A4: Salt & Vinegar | B4: =SUMIF(Production_Data!E:E,A4,Production_Data!G:G) -> 68108.4 | C4: =SUMIF(Production_Data!E:E,A4,Production_Data!G:G)/SUMIF(Production_Data!E:E,A4,Production_Data!F:F) -> 0.75694503 | D4: =AVERAGEIF(Production_Data!E:E,A4,Production_Data!W:W) -> 0.74487813 | E4: =SUMIF(Production_Data!E:E,A4,Production_Data!I:I)/SUMIF(Production_Data!E:E,A4,Production_Data!G:G) -> 0.015498822 | F4: =SUMIF(Production_Data!E:E,A4,Production_Data!G:G)/SUMIF(Production_Data!E:E,A4,Production_Data!M:M) -> 0.48814968 | G4: =SUMIF(Production_Data!E:E,A4,Production_Data!O:O)/SUMIF(Production_Data!E:E,A4,Production_Data!G:G) -> 119.15477
A5: Total | B5: =SUBTOTAL(109,Table5[Actual kg]) -> 265176.3 | C5: =SUBTOTAL(101,Table5[Achievement %]) -> 0.75603363 | D5: =SUBTOTAL(101,Table5[OEE %]) -> 0.74390268 | E5: =SUBTOTAL(101,Table5[Reject Rate %]) -> 0.015433328 | F5: =SUBTOTAL(101,Table5[Material Yield %]) -> 0.48771024 | G5: =SUBTOTAL(109,Table5[Energy/kg]) -> 355.14881

Sheet Maintenance_Analysis
A1: Type | B1: Events | C1: Downtime hr | D1: Cost | E1: Avg Technician Hours | F1: Avg Downtime/Event
A2: Preventive | B2: =COUNTIF(Maintenance_Log!F:F,A2) -> 40 | C2: =SUMIF(Maintenance_Log!F:F,A2,Maintenance_Log!H:H) -> 147.72 | D2: =SUMIF(Maintenance_Log!F:F,A2,Maintenance_Log!J:J) -> 7392.77 | E2: =AVERAGEIF(Maintenance_Log!F:F,A2,Maintenance_Log!I:I) -> 12.45 | F2: =C2/B2 -> 3.693
A3: Corrective | B3: =COUNTIF(Maintenance_Log!F:F,A3) -> 141 | C3: =SUMIF(Maintenance_Log!F:F,A3,Maintenance_Log!H:H) -> 300.78 | D3: =SUMIF(Maintenance_Log!F:F,A3,Maintenance_Log!J:J) -> 85387.2 | E3: =AVERAGEIF(Maintenance_Log!F:F,A3,Maintenance_Log!I:I) -> 11.319149 | F3: =C3/B3 -> 2.1331915
A4: Emergency | B4: =COUNTIF(Maintenance_Log!F:F,A4) -> 35 | C4: =SUMIF(Maintenance_Log!F:F,A4,Maintenance_Log!H:H) -> 75.79 | D4: =SUMIF(Maintenance_Log!F:F,A4,Maintenance_Log!J:J) -> 40746.89 | E4: =AVERAGEIF(Maintenance_Log!F:F,A4,Maintenance_Log!I:I) -> 11.885714 | F4: =C4/B4 -> 2.1654286
A5: Total | B5: =SUBTOTAL(109,Table4[Events]) -> 216 | C5: =SUBTOTAL(109,Table4[Downtime hr]) -> 524.29 | D5: =SUBTOTAL(109,Table4[Cost]) -> 133526.86 | E5: =SUBTOTAL(101,Table4[Avg Technician Hours]) -> 11.884954 | F5: =SUBTOTAL(101,Table4[Avg Downtime/Event]) -> 2.6638734

Sheet Downtime_Analysis
A1: Reason | B1: Events | C1: Downtime hr | D1: % of Downtime
A2: Fryer Temperature | B2: =COUNTIF(Production_Data!K:K,A2) -> 18 | C2: =SUMIF(Production_Data!K:K,A2,Production_Data!J:J) -> 38.85 | D2: =C2/SUM(Production_Data!J:J) -> 0.0702646
A3: Conveyor Jam | B3: =COUNTIF(Production_Data!K:K,A3) -> 47 | C3: =SUMIF(Production_Data!K:K,A3,Production_Data!J:J) -> 103.84 | D3: =C3/SUM(Production_Data!J:J) -> 0.18780633
A4: Packaging Machine | B4: =COUNTIF(Production_Data!K:K,A4) -> 36 | C4: =SUMIF(Production_Data!K:K,A4,Production_Data!J:J) -> 79.41 | D4: =C4/SUM(Production_Data!J:J) -> 0.14362193
A5: Electrical Fault | B5: =COUNTIF(Production_Data!K:K,A5) -> 23 | C5: =SUMIF(Production_Data!K:K,A5,Production_Data!J:J) -> 50.57 | D5: =C5/SUM(Production_Data!J:J) -> 0.09146154
A6: Planned Maintenance | B6: =COUNTIF(Production_Data!K:K,A6) -> 40 | C6: =SUMIF(Production_Data!K:K,A6,Production_Data!J:J) -> 147.72 | D6: =C6/SUM(Production_Data!J:J) -> 0.26716826
A7: Raw Material Shortage | B7: =COUNTIF(Production_Data!K:K,A7) -> 27 | C7: =SUMIF(Production_Data!K:K,A7,Production_Data!J:J) -> 56.78 | D7: =C7/SUM(Production_Data!J:J) -> 0.10269302
A8: Quality Hold | B8: =COUNTIF(Production_Data!K:K,A8) -> 25 | C8: =SUMIF(Production_Data!K:K,A8,Production_Data!J:J) -> 47.12 | D8: =C8/SUM(Production_Data!J:J) -> 0.085221826
A9: Total | B9: =SUBTOTAL(109,Table3[Events]) -> 216 | C9: =SUBTOTAL(109,Table3[Downtime hr]) -> 524.29 | D9: =SUBTOTAL(101,Table3[% of Downtime]) -> 0.1354625

Sheet Dashboard
A1: FOOD MANUFACTURING — PRODUCTION & MAINTENANCE DASHBOARD
A3: Actual Production (kg) | C3: OEE | E3: Downtime (hr) | G3: Maintenance Cost
A4: =KPI_Calculations!B5 -> 265176.3 | C4: =KPI_Calculations!B9 -> 0.74326301 | E4: =KPI_Calculations!B13 -> 552.91 | G4: =KPI_Calculations!B14 -> 133526.86 | J4: Management Questions
J5: 1. Which line has the weakest OEE and what operational/maintenance factors explain it?
J6: 2. Which downtime reason contributes most to lost production time?
J7: 3. How does preventive maintenance compare with corrective/emergency work?
J8: 4. Which shift needs the most attention?
J9: 5. Which product has the highest reject or energy burden?
J10: 6. What 3 actions would you prioritize based on the evidence?
