Workbook

Sheet Production_Data
A1: PHARMACEUTICAL MANUFACTURING — PRODUCTION ANALYSIS
A2: Training dataset | 120 days | 240 production batches | Synthetic data
A4: Batch_ID | B4: Date | C4: Production_Line | D4: Product | E4: Shift | F4: Planned_Units | G4: Actual_Units | H4: Good_Units | I4: Rejected_Units | J4: Material_Input_kg | K4: Downtime_hr | L4: Deviation_Type | M4: Batch_Status | N4: Maintenance_Type | O4: Maintenance_Cost_USD | P4: Labor_Hours | Q4: Energy_kWh | R4: Run_Hours | S4: Achievement_% | T4: Availability_% | U4: Performance_% | V4: Quality_% | W4: OEE_% | X4: Yield_% | Y4: Reject_Rate_% | Z4: Units_per_Labor_Hour | AA4: Energy_per_Unit | AB4: Batch_Cycle_hr
A5: 1 | B5: 46023 | C5: Solid Dose Line 1 | D5: Product C | E5: Day | F5: 9808 | G5: 8219.4 | H5: 8130.4 | I5: 89 | J5: 8379.9 | K5: 1.12 | L5: None | M5: Released | N5: None | O5: 0 | P5: 46.7 | Q5: 4473.5 | R5: 7.59 | S5: =G5/F5 | T5: =MAX(0,1/K5/8) | U5: =IFERROR(G5/(F5*T5),0) | V5: =IFERROR(H5/G5,0) | W5: =T5*U5*V5 | X5: =IFERROR(G5/J5,0) | Y5: =IFERROR(I5/G5,0) | Z5: =IFERROR(G5/P5,0) | AA5: =IFERROR(Q5/G5,0) | AB5: =R5+K5
A6: 2 | B6: 46023 | C6: Solid Dose Line 2 | D6: Product B | E6: Day | F6: 11976 | G6: 10820.7 | H6: 10607.5 | I6: 213.3 | J6: 10966.1 | K6: 0.45 | L6: None | M6: Released | N6: Preventive | O6: 267.41 | P6: 47.5 | Q6: 5083.3 | R6: 7.99 | S6: =G6/F6 | T6: =MAX(0,1/K6/8) | U6: =IFERROR(G6/(F6*T6),0) | V6: =IFERROR(H6/G6,0) | W6: =T6*U6*V6 | X6: =IFERROR(G6/J6,0) | Y6: =IFERROR(I6/G6,0) | Z6: =IFERROR(G6/P6,0) | AA6: =IFERROR(Q6/G6,0) | AB6: =R6+K6
A7: 3 | B7: 46024 | C7: Solid Dose Line 1 | D7: Product A | E7: Evening | F7: 9891 | G7: 8314.3 | H7: 8253.8 | I7: 60.5 | J7: 8475 | K7: 0.95 | L7: None | M7: Released | N7: None | O7: 0 | P7: 45.8 | Q7: 4358.5 | R7: 6.59 | S7: =G7/F7 | T7: =MAX(0,1/K7/8) | U7: =IFERROR(G7/(F7*T7),0) | V7: =IFERROR(H7/G7,0) | W7: =T7*U7*V7 | X7: =IFERROR(G7/J7,0) | Y7: =IFERROR(I7/G7,0) | Z7: =IFERROR(G7/P7,0) | AA7: =IFERROR(Q7/G7,0) | AB7: =R7+K7
A8: 4 | B8: 46024 | C8: Solid Dose Line 2 | D8: Product C | E8: Evening | F8: 9523 | G8: 6660.6 | H8: 6048.2 | I8: 612.4 | J8: 6834.2 | K8: 2.05 | L8: Documentation | M8: Rejected | N8: None | O8: 0 | P8: 46.9 | Q8: 3211.1 | R8: 6.74 | S8: =G8/F8 | T8: =MAX(0,1/K8/8) | U8: =IFERROR(G8/(F8*T8),0) | V8: =IFERROR(H8/G8,0) | W8: =T8*U8*V8 | X8: =IFERROR(G8/J8,0) | Y8: =IFERROR(I8/G8,0) | Z8: =IFERROR(G8/P8,0) | AA8: =IFERROR(Q8/G8,0) | AB8: =R8+K8
A9: 5 | B9: 46025 | C9: Solid Dose Line 1 | D9: Product B | E9: Evening | F9: 10977 | G9: 7777.8 | H9: 7656.7 | I9: 121.1 | J9: 7888.4 | K9: 2.2 | L9: None | M9: Released | N9: None | O9: 0 | P9: 43.5 | Q9: 4271.9 | R9: 7.34 | S9: =G9/F9 | T9: =MAX(0,1/K9/8) | U9: =IFERROR(G9/(F9*T9),0) | V9: =IFERROR(H9/G9,0) | W9: =T9*U9*V9 | X9: =IFERROR(G9/J9,0) | Y9: =IFERROR(I9/G9,0) | Z9: =IFERROR(G9/P9,0) | AA9: =IFERROR(Q9/G9,0) | AB9: =R9+K9
A10: 6 | B10: 46025 | C10: Solid Dose Line 2 | D10: Product C | E10: Night | F10: 10595 | G10: 6699 | H10: 6201.9 | I10: 497.1 | J10: 6799.1 | K10: 2.6 | L10: None | M10: Rejected | N10: None | O10: 0 | P10: 39.3 | Q10: 3682 | R10: 7.31 | S10: =G10/F10 | T10: =MAX(0,1/K10/8) | U10: =IFERROR(G10/(F10*T10),0) | V10: =IFERROR(H10/G10,0) | W10: =T10*U10*V10 | X10: =IFERROR(G10/J10,0) | Y10: =IFERROR(I10/G10,0) | Z10: =IFERROR(G10/P10,0) | AA10: =IFERROR(Q10/G10,0) | AB10: =R10+K10
A11: 7 | B11: 46026 | C11: Solid Dose Line 1 | D11: Product C | E11: Evening | F11: 10507 | G11: 7714.1 | H11: 7563.9 | I11: 150.3 | J11: 7821.4 | K11: 1.62 | L11: None | M11: Released | N11: None | O11: 0 | P11: 41.7 | Q11: 3644 | R11: 7.76 | S11: =G11/F11 | T11: =MAX(0,1/K11/8) | U11: =IFERROR(G11/(F11*T11),0) | V11: =IFERROR(H11/G11,0) | W11: =T11*U11*V11 | X11: =IFERROR(G11/J11,0) | Y11: =IFERROR(I11/G11,0) | Z11: =IFERROR(G11/P11,0) | AA11: =IFERROR(Q11/G11,0) | AB11: =R11+K11
A12: 8 | B12: 46026 | C12: Solid Dose Line 2 | D12: Product B | E12: Day | F12: 11813 | G12: 10964.6 | H12: 10762.7 | I12: 201.9 | J12: 11150.5 | K12: 0 | L12: None | M12: Released | N12: None | O12: 0 | P12: 45.1 | Q12: 5921.5 | R12: 7.07 | S12: =G12/F12 | T12: =MAX(0,1/K12/8) | U12: =IFERROR(G12/(F12*T12),0) | V12: =IFERROR(H12/G12,0) | W12: =T12*U12*V12 | X12: =IFERROR(G12/J12,0) | Y12: =IFERROR(I12/G12,0) | Z12: =IFERROR(G12/P12,0) | AA12: =IFERROR(Q12/G12,0) | AB12: =R12+K12
A13: 9 | B13: 46027 | C13: Solid Dose Line 1 | D13: Product B | E13: Day | F13: 10017 | G13: 8309.3 | H13: 8279.4 | I13: 29.9 | J13: 8373.4 | K13: 0.84 | L13: None | M13: Released | N13: None | O13: 0 | P13: 43.5 | Q13: 4453.2 | R13: 7.6 | S13: =G13/F13 | T13: =MAX(0,1/K13/8) | U13: =IFERROR(G13/(F13*T13),0) | V13: =IFERROR(H13/G13,0) | W13: =T13*U13*V13 | X13: =IFERROR(G13/J13,0) | Y13: =IFERROR(I13/G13,0) | Z13: =IFERROR(G13/P13,0) | AA13: =IFERROR(Q13/G13,0) | AB13: =R13+K13
A14: 10 | B14: 46027 | C14: Solid Dose Line 2 | D14: Product A | E14: Evening | F14: 10586 | G14: 8446.4 | H14: 8348.5 | I14: 97.9 | J14: 8680.1 | K14: 1.09 | L14: None | M14: Released | N14: None | O14: 0 | P14: 44.2 | Q14: 4188.3 | R14: 7.65 | S14: =G14/F14 | T14: =MAX(0,1/K14/8) | U14: =IFERROR(G14/(F14*T14),0) | V14: =IFERROR(H14/G14,0) | W14: =T14*U14*V14 | X14: =IFERROR(G14/J14,0) | Y14: =IFERROR(I14/G14,0) | Z14: =IFERROR(G14/P14,0) | AA14: =IFERROR(Q14/G14,0) | AB14: =R14+K14
A15: 11 | B15: 46028 | C15: Solid Dose Line 1 | D15: Product A | E15: Night | F15: 11476 | G15: 8447.5 | H15: 8330.1 | I15: 117.5 | J15: 8546.2 | K15: 1.63 | L15: None | M15: Released | N15: None | O15: 0 | P15: 32.6 | Q15: 4209.3 | R15: 6.59 | S15: =G15/F15 | T15: =MAX(0,1/K15/8) | U15: =IFERROR(G15/(F15*T15),0) | V15: =IFERROR(H15/G15,0) | W15: =T15*U15*V15 | X15: =IFERROR(G15/J15,0) | Y15: =IFERROR(I15/G15,0) | Z15: =IFERROR(G15/P15,0) | AA15: =IFERROR(Q15/G15,0) | AB15: =R15+K15
A16: 12 | B16: 46028 | C16: Solid Dose Line 2 | D16: Product C | E16: Day | F16: 11919 | G16: 8582.9 | H16: 8561 | I16: 21.9 | J16: 8688.2 | K16: 1.63 | L16: None | M16: Released | N16: Preventive | O16: 415.95 | P16: 48 | Q16: 4749.4 | R16: 7.74 | S16: =G16/F16 | T16: =MAX(0,1/K16/8) | U16: =IFERROR(G16/(F16*T16),0) | V16: =IFERROR(H16/G16,0) | W16: =T16*U16*V16 | X16: =IFERROR(G16/J16,0) | Y16: =IFERROR(I16/G16,0) | Z16: =IFERROR(G16/P16,0) | AA16: =IFERROR(Q16/G16,0) | AB16: =R16+K16
... A244: 240 | B244: 46142 | C244: Solid Dose Line 2 | D244: Product B | E244: Evening | F244: 9876 | G244: 6107.5 | H244: 6012.1 | I244: 95.4 | J244: 6180.5 | K244: 3.91 | L244: Documentation | M244: Released | N244: None | O244: 0 | P244: 38 | Q244: 3221.1 | R244: 6.85 | S244: =G244/F244 | T244: =MAX(0,1/K244/8) | U244: =IFERROR(G244/(F244*T244),0) | V244: =IFERROR(H244/G244,0) | W244: =T244*U244*V244 | X244: =IFERROR(G244/J244,0) | Y244: =IFERROR(I244/G244,0) | Z244: =IFERROR(G244/P244,0) | AA244: =IFERROR(Q244/G244,0) | AB244: =R244+K244

Sheet Deviation_Log
A1: QUALITY / DEVIATION LOG
A3: Deviation_ID | B3: Date | C3: Batch_ID | D3: Production_Line | E3: Product | F3: Deviation_Type | G3: Severity | H3: Disposition | I3: Investigation_Hours
A4: 1 | B4: 46024 | C4: 4 | D4: Solid Dose Line 2 | E4: Product C | F4: Documentation | G4: Minor | H4: Closed | I4: 2.7
A5: 2 | B5: 46030 | C5: 16 | D5: Solid Dose Line 2 | E5: Product B | F5: Material | G5: Minor | H5: Closed | I5: 1
A6: 3 | B6: 46031 | C6: 18 | D6: Solid Dose Line 2 | E6: Product A | F6: Documentation | G6: Minor | H6: Closed | I6: 5.1
A7: 4 | B7: 46037 | C7: 30 | D7: Solid Dose Line 2 | E7: Product A | F7: Process | G7: Critical | H7: Closed | I7: 3.6
A8: 5 | B8: 46038 | C8: 32 | D8: Solid Dose Line 2 | E8: Product B | F8: Material | G8: Minor | H8: Closed | I8: 6.8
A9: 6 | B9: 46039 | C9: 34 | D9: Solid Dose Line 2 | E9: Product A | F9: Documentation | G9: Major | H9: Closed | I9: 3.9
A10: 7 | B10: 46040 | C10: 36 | D10: Solid Dose Line 2 | E10: Product A | F10: Material | G10: Minor | H10: Closed | I10: 7.7
A11: 8 | B11: 46042 | C11: 40 | D11: Solid Dose Line 2 | E11: Product A | F11: Material | G11: Minor | H11: Closed | I11: 2.9
A12: 9 | B12: 46045 | C12: 45 | D12: Solid Dose Line 1 | E12: Product A | F12: Environmental | G12: Minor | H12: Closed | I12: 2.6
A13: 10 | B13: 46045 | C13: 46 | D13: Solid Dose Line 2 | E13: Product B | F13: Material | G13: Minor | H13: Closed | I13: 2.5
A14: 11 | B14: 46049 | C14: 54 | D14: Solid Dose Line 2 | E14: Product A | F14: Environmental | G14: Minor | H14: Closed | I14: 1.3
A15: 12 | B15: 46050 | C15: 55 | D15: Solid Dose Line 1 | E15: Product B | F15: Material | G15: Minor | H15: Closed | I15: 6.8
... A62: 59 | B62: 46142 | C62: 240 | D62: Solid Dose Line 2 | E62: Product B | F62: Documentation | G62: Minor | H62: Closed | I62: 3.2

Sheet Maintenance_Log
A1: MAINTENANCE EVENT LOG
A3: Maintenance_ID | B3: Date | C3: Batch_ID | D3: Production_Line | E3: Product | F3: Maintenance_Type | G3: Downtime_hr | H3: Technician_Hours | I3: Maintenance_Cost_USD | J3: Status
A4: 1 | B4: 46023 | C4: 2 | D4: Solid Dose Line 2 | E4: Product B | F4: Preventive | G4: 0.45 | H4: 7.3 | I4: 267.41 | J4: Completed
A5: 2 | B5: 46028 | C5: 12 | D5: Solid Dose Line 2 | E5: Product C | F5: Preventive | G5: 1.63 | H5: 4.3 | I5: 415.95 | J5: Completed
A6: 3 | B6: 46029 | C6: 14 | D6: Solid Dose Line 2 | E6: Product A | F6: Preventive | G6: 0.61 | H6: 13.6 | I6: 341.27 | J6: Completed
A7: 4 | B7: 46030 | C7: 15 | D7: Solid Dose Line 1 | E7: Product C | F7: Preventive | G7: 2.43 | H7: 7.5 | I7: 193.89 | J7: Completed
A8: 5 | B8: 46033 | C8: 21 | D8: Solid Dose Line 1 | E8: Product A | F8: Preventive | G8: 2.4 | H8: 11.1 | I8: 428.9 | J8: Completed
A9: 6 | B9: 46035 | C9: 25 | D9: Solid Dose Line 1 | E9: Product B | F9: Preventive | G9: 0.96 | H9: 15 | I9: 444.21 | J9: Completed
A10: 7 | B10: 46037 | C10: 29 | D10: Solid Dose Line 1 | E10: Product C | F10: Corrective | G10: 0.78 | H10: 2.4 | I10: 547.34 | J10: Completed
A11: 8 | B11: 46038 | C11: 32 | D11: Solid Dose Line 2 | E11: Product B | F11: Corrective | G11: 3.87 | H11: 6.5 | I11: 1040.28 | J11: Completed
A12: 9 | B12: 46041 | C12: 37 | D12: Solid Dose Line 1 | E12: Product B | F12: Corrective | G12: 0.99 | H12: 11.8 | I12: 833.76 | J12: Completed
A13: 10 | B13: 46042 | C13: 40 | D13: Solid Dose Line 2 | E13: Product A | F13: Preventive | G13: 1.93 | H13: 4.1 | I13: 199.51 | J13: Completed
A14: 11 | B14: 46045 | C14: 45 | D14: Solid Dose Line 1 | E14: Product A | F14: Emergency | G14: 3.82 | H14: 10 | I14: 1420.77 | J14: Completed
A15: 12 | B15: 46046 | C15: 47 | D15: Solid Dose Line 1 | E15: Product A | F15: Emergency | G15: 1.07 | H15: 8.1 | I15: 1405.36 | J15: Completed
... A78: 75 | B78: 46141 | C78: 237 | D78: Solid Dose Line 1 | E78: Product A | F78: Preventive | G78: 1.99 | H78: 14.7 | I78: 210.82 | J78: Completed

Sheet Project_Instructions
A1: PHARMACEUTICAL PRODUCTION ANALYSIS — EXCEL PROJECT
A3: Important | B3: This is synthetic training data. It is for production/analytics practice, not pharmaceutical manufacturing instructions.
A4: Scenario | B4: You are a Production Analyst supporting a pharmaceutical solid-dose manufacturing facility.
A5: Objective | B5: Analyze batch performance, production efficiency, quality losses, deviations and maintenance.
A6: Step 1 | B6: Understand the batch-level data grain and inspect data quality: duplicates, blanks, invalid values and outliers.
A7: Step 2 | B7: Calculate Production Achievement %, Availability, Performance, Quality and OEE.
A8: Step 3 | B8: Analyze production performance by production line.
A9: Step 4 | B9: Compare Day, Evening and Night shifts.
A10: Step 5 | B10: Compare Products A, B and C for output, yield and reject rate.
A11: Step 6 | B11: Analyze rejected and under-review batches and quantify their production impact.
A12: Step 7 | B12: Analyze deviations by type, severity, line and product.
A13: Step 8 | B13: Compare preventive, corrective and emergency maintenance.
A14: Step 9 | B14: Calculate MTTR and MTBF using clearly documented assumptions.
... A18: Step 13 | B18: Write 5 evidence-based findings and 5 improvement recommendations.

Sheet KPI_Calculations
A1: PHARMACEUTICAL PRODUCTION KPI LAYER
A3: Planned Units | B3: =SUM(Production_Data!F5:F244)
A4: Actual Units | B4: =SUM(Production_Data!G5:G244)
A5: Good Units | B5: =SUM(Production_Data!H5:H244)
A6: Rejected Units | B6: =SUM(Production_Data!I5:I244)
A7: Achievement % | B7: =B4/B3
A8: Average OEE % | B8: =AVERAGE(Production_Data!W5:W244)
A9: Average Availability % | B9: =AVERAGE(Production_Data!T5:T244)
A10: Average Performance % | B10: =AVERAGE(Production_Data!U5:U244)
A11: Average Quality % | B11: =AVERAGE(Production_Data!V5:V244)
A12: Total Downtime hr | B12: =SUM(Production_Data!K5:K244)
A13: Maintenance Cost | B13: =SUM(Production_Data!O5:O244)
A14: Reject Rate % | B14: =B6/B5
A15: Average Yield % | B15: =AVERAGE(Production_Data!X5:X244)
A16: Deviation Count | B16: =COUNTIF(Production_Data!L5:L244,"<>None")

Sheet Line_Analysis
A1: Production Line | B1: Actual Units | C1: Achievement % | D1: OEE % | E1: Downtime hr | F1: Reject Rate % | G1: Maintenance Cost
A2: Solid Dose Line 1 | B2: =SUMIF(Production_Data!C:C,A2,Production_Data!G:G) | C2: =SUMIF(Production_Data!C:C,A2,Production_Data!G:G)/SUMIF(Production_Data!C:C,A2,Production_Data!F:F) | D2: =AVERAGEIF(Production_Data!C:C,A2,Production_Data!W:W) | E2: =SUMIF(Production_Data!C:C,A2,Production_Data!K:K) | F2: =SUMIF(Production_Data!C:C,A2,Production_Data!I:I)/SUMIF(Production_Data!C:C,A2,Production_Data!G:G) | G2: =SUMIF(Production_Data!C:C,A2,Production_Data!O:O)
A3: Solid Dose Line 2 | B3: =SUMIF(Production_Data!C:C,A3,Production_Data!G:G) | C3: =SUMIF(Production_Data!C:C,A3,Production_Data!G:G)/SUMIF(Production_Data!C:C,A3,Production_Data!F:F) | D3: =AVERAGEIF(Production_Data!C:C,A3,Production_Data!W:W) | E3: =SUMIF(Production_Data!C:C,A3,Production_Data!K:K) | F3: =SUMIF(Production_Data!C:C,A3,Production_Data!I:I)/SUMIF(Production_Data!C:C,A3,Production_Data!G:G) | G3: =SUMIF(Production_Data!C:C,A3,Production_Data!O:O)

Sheet Shift_Analysis
A1: Shift | B1: Actual Units | C1: Achievement % | D1: OEE % | E1: Downtime hr | F1: Reject Rate %
A2: Day | B2: =SUMIF(Production_Data!E:E,A2,Production_Data!G:G) | C2: =SUMIF(Production_Data!E:E,A2,Production_Data!G:G)/SUMIF(Production_Data!E:E,A2,Production_Data!F:F) | D2: =AVERAGEIF(Production_Data!E:E,A2,Production_Data!W:W) | E2: =SUMIF(Production_Data!E:E,A2,Production_Data!K:K) | F2: =SUMIF(Production_Data!E:E,A2,Production_Data!I:I)/SUMIF(Production_Data!E:E,A2,Production_Data!G:G)
A3: Evening | B3: =SUMIF(Production_Data!E:E,A3,Production_Data!G:G) | C3: =SUMIF(Production_Data!E:E,A3,Production_Data!G:G)/SUMIF(Production_Data!E:E,A3,Production_Data!F:F) | D3: =AVERAGEIF(Production_Data!E:E,A3,Production_Data!W:W) | E3: =SUMIF(Production_Data!E:E,A3,Production_Data!K:K) | F3: =SUMIF(Production_Data!E:E,A3,Production_Data!I:I)/SUMIF(Production_Data!E:E,A3,Production_Data!G:G)
A4: Night | B4: =SUMIF(Production_Data!E:E,A4,Production_Data!G:G) | C4: =SUMIF(Production_Data!E:E,A4,Production_Data!G:G)/SUMIF(Production_Data!E:E,A4,Production_Data!F:F) | D4: =AVERAGEIF(Production_Data!E:E,A4,Production_Data!W:W) | E4: =SUMIF(Production_Data!E:E,A4,Production_Data!K:K) | F4: =SUMIF(Production_Data!E:E,A4,Production_Data!I:I)/SUMIF(Production_Data!E:E,A4,Production_Data!G:G)

Sheet Product_Analysis
A1: Product | B1: Actual Units | C1: Achievement % | D1: OEE % | E1: Yield % | F1: Reject Rate % | G1: Energy/Unit
A2: Product A | B2: =SUMIF(Production_Data!D:D,A2,Production_Data!G:G) | C2: =SUMIF(Production_Data!D:D,A2,Production_Data!G:G)/SUMIF(Production_Data!D:D,A2,Production_Data!F:F) | D2: =AVERAGEIF(Production_Data!D:D,A2,Production_Data!W:W) | E2: =AVERAGEIF(Production_Data!D:D,A2,Production_Data!X:X) | F2: =SUMIF(Production_Data!D:D,A2,Production_Data!I:I)/SUMIF(Production_Data!D:D,A2,Production_Data!G:G) | G2: =SUMIF(Production_Data!D:D,A2,Production_Data!Q:Q)/SUMIF(Production_Data!D:D,A2,Production_Data!G:G)
A3: Product B | B3: =SUMIF(Production_Data!D:D,A3,Production_Data!G:G) | C3: =SUMIF(Production_Data!D:D,A3,Production_Data!G:G)/SUMIF(Production_Data!D:D,A3,Production_Data!F:F) | D3: =AVERAGEIF(Production_Data!D:D,A3,Production_Data!W:W) | E3: =AVERAGEIF(Production_Data!D:D,A3,Production_Data!X:X) | F3: =SUMIF(Production_Data!D:D,A3,Production_Data!I:I)/SUMIF(Production_Data!D:D,A3,Production_Data!G:G) | G3: =SUMIF(Production_Data!D:D,A3,Production_Data!Q:Q)/SUMIF(Production_Data!D:D,A3,Production_Data!G:G)
A4: Product C | B4: =SUMIF(Production_Data!D:D,A4,Production_Data!G:G) | C4: =SUMIF(Production_Data!D:D,A4,Production_Data!G:G)/SUMIF(Production_Data!D:D,A4,Production_Data!F:F) | D4: =AVERAGEIF(Production_Data!D:D,A4,Production_Data!W:W) | E4: =AVERAGEIF(Production_Data!D:D,A4,Production_Data!X:X) | F4: =SUMIF(Production_Data!D:D,A4,Production_Data!I:I)/SUMIF(Production_Data!D:D,A4,Production_Data!G:G) | G4: =SUMIF(Production_Data!D:D,A4,Production_Data!Q:Q)/SUMIF(Production_Data!D:D,A4,Production_Data!G:G)

Sheet Deviation_Analysis
A1: Deviation Type | B1: Events | C1: Investigation Hours
A2: Equipment | B2: =COUNTIF(Deviation_Log!F:F,A2) | C2: =SUMIF(Deviation_Log!F:F,A2,Deviation_Log!I:I)
A3: Documentation | B3: =COUNTIF(Deviation_Log!F:F,A3) | C3: =SUMIF(Deviation_Log!F:F,A3,Deviation_Log!I:I)
A4: Material | B4: =COUNTIF(Deviation_Log!F:F,A4) | C4: =SUMIF(Deviation_Log!F:F,A4,Deviation_Log!I:I)
A5: Process | B5: =COUNTIF(Deviation_Log!F:F,A5) | C5: =SUMIF(Deviation_Log!F:F,A5,Deviation_Log!I:I)
A6: Environmental | B6: =COUNTIF(Deviation_Log!F:F,A6) | C6: =SUMIF(Deviation_Log!F:F,A6,Deviation_Log!I:I)

Sheet Deviation_Severity
A1: Severity | B1: Events | C1: CAPA Required
A2: Minor | B2: =COUNTIF(Deviation_Log!G:G,A2) | C2: =COUNTIFS(Deviation_Log!G:G,A2,Deviation_Log!H:H,"CAPA Required")
A3: Major | B3: =COUNTIF(Deviation_Log!G:G,A3) | C3: =COUNTIFS(Deviation_Log!G:G,A3,Deviation_Log!H:H,"CAPA Required")
A4: Critical | B4: =COUNTIF(Deviation_Log!G:G,A4) | C4: =COUNTIFS(Deviation_Log!G:G,A4,Deviation_Log!H:H,"CAPA Required")

Sheet Maintenance_Analysis
A1: Maintenance Type | B1: Events | C1: Downtime hr | D1: Cost | E1: Avg Tech Hours
A2: Preventive | B2: =COUNTIF(Maintenance_Log!F:F,A2) | C2: =SUMIF(Maintenance_Log!F:F,A2,Maintenance_Log!G:G) | D2: =SUMIF(Maintenance_Log!F:F,A2,Maintenance_Log!I:I) | E2: =AVERAGEIF(Maintenance_Log!F:F,A2,Maintenance_Log!H:H)
A3: Corrective | B3: =COUNTIF(Maintenance_Log!F:F,A3) | C3: =SUMIF(Maintenance_Log!F:F,A3,Maintenance_Log!G:G) | D3: =SUMIF(Maintenance_Log!F:F,A3,Maintenance_Log!I:I) | E3: =AVERAGEIF(Maintenance_Log!F:F,A3,Maintenance_Log!H:H)
A4: Emergency | B4: =COUNTIF(Maintenance_Log!F:F,A4) | C4: =SUMIF(Maintenance_Log!F:F,A4,Maintenance_Log!G:G) | D4: =SUMIF(Maintenance_Log!F:F,A4,Maintenance_Log!I:I) | E4: =AVERAGEIF(Maintenance_Log!F:F,A4,Maintenance_Log!H:H)

Sheet Dashboard
A1: PHARMACEUTICAL PRODUCTION PERFORMANCE DASHBOARD
A3: Actual Units | C3: OEE | E3: Downtime (hr) | G3: Deviation Count
A4: =KPI_Calculations!B4 | C4: =KPI_Calculations!B8 | E4: =KPI_Calculations!B12 | G4: =KPI_Calculations!B16
A39: Management Questions
A40: 1. Which production line has the lowest OEE?
A41: 2. Which shift has the largest production gap?
A42: 3. Which product has the highest rejection rate?
A43: 4. What is the main deviation category?
A44: 5. How much downtime is associated with corrective/emergency maintenance?
A45: 6. Which area should management investigate first based on the data?
A46: 7. What three measurable actions could improve performance?
