Workbook

Sheet Raw_Data
A1: PRODUCTION ANALYSIS PROJECT
A2: Industrial Production Dataset | 90 Days | 270 Production Records
A4: Record_ID | B4: Date | C4: Shift | D4: Product | E4: Target_Production_t | F4: Actual_Production_t | G4: Downtime_hr | H4: Downtime_Reason | I4: Raw_Material_t | J4: Energy_kWh | K4: Defects_t | L4: Operators | M4: Achievement_% | N4: Efficiency_% | O4: Material_per_Ton | P4: Energy_per_Ton | Q4: Defect_Rate_% | R4: Status
A5: 1 | B5: 46023 | C5: Day | D5: OPC | E5: 1124 | F5: 1093.8 | G5: 2.36 | H5: Mechanical Failure | I5: 1723 | J5: 93045.5 | K5: 0 | L5: 8 | M5: =F5/E5 | N5: =F5/(E5+G5*45) | O5: =I5/F5 | P5: =J5/F5 | Q5: =IFERROR(K5/F5,0) | R5: =IF(M5>=1,"On Target",IF(M5>=0.9,"Watch","Below Target"))
A6: 2 | B6: 46023 | C6: Evening | D6: PPC | E6: 1039 | F6: 864.5 | G6: 3.17 | H6: Mechanical Failure | I6: 1235 | J6: 74174.6 | K6: 2 | L6: 10 | M6: =F6/E6 | N6: =F6/(E6+G6*45) | O6: =I6/F6 | P6: =J6/F6 | Q6: =IFERROR(K6/F6,0) | R6: =IF(M6>=1,"On Target",IF(M6>=0.9,"Watch","Below Target"))
A7: 3 | B7: 46023 | C7: Night | D7: SRC | E7: 954 | F7: 704 | G7: 4.33 | H7: Mechanical Failure | I7: 1056.7 | J7: 58043.3 | K7: 1 | L7: 8 | M7: =F7/E7 | N7: =F7/(E7+G7*45) | O7: =I7/F7 | P7: =J7/F7 | Q7: =IFERROR(K7/F7,0) | R7: =IF(M7>=1,"On Target",IF(M7>=0.9,"Watch","Below Target"))
A8: 4 | B8: 46024 | C8: Day | D8: SRC | E8: 999 | F8: 940.5 | G8: 2.77 | H8: Mechanical Failure | I8: 1455.2 | J8: 72980 | K8: 3 | L8: 8 | M8: =F8/E8 | N8: =F8/(E8+G8*45) | O8: =I8/F8 | P8: =J8/F8 | Q8: =IFERROR(K8/F8,0) | R8: =IF(M8>=1,"On Target",IF(M8>=0.9,"Watch","Below Target"))
A9: 5 | B9: 46024 | C9: Evening | D9: PPC | E9: 1011 | F9: 891.2 | G9: 2.11 | H9: Planned Maintenance | I9: 1349.1 | J9: 77359 | K9: 4 | L9: 10 | M9: =F9/E9 | N9: =F9/(E9+G9*45) | O9: =I9/F9 | P9: =J9/F9 | Q9: =IFERROR(K9/F9,0) | R9: =IF(M9>=1,"On Target",IF(M9>=0.9,"Watch","Below Target"))
A10: 6 | B10: 46024 | C10: Night | D10: OPC | E10: 1149 | F10: 941.2 | G10: 3 | H10: Quality Issue | I10: 1445.8 | J10: 77502.5 | K10: 2 | L10: 11 | M10: =F10/E10 | N10: =F10/(E10+G10*45) | O10: =I10/F10 | P10: =J10/F10 | Q10: =IFERROR(K10/F10,0) | R10: =IF(M10>=1,"On Target",IF(M10>=0.9,"Watch","Below Target"))
A11: 7 | B11: 46025 | C11: Day | D11: OPC | E11: 1180 | F11: 1068 | G11: 1.58 | H11: Electrical Failure | I11: 1647.2 | J11: 83705.9 | K11: 7 | L11: 12 | M11: =F11/E11 | N11: =F11/(E11+G11*45) | O11: =I11/F11 | P11: =J11/F11 | Q11: =IFERROR(K11/F11,0) | R11: =IF(M11>=1,"On Target",IF(M11>=0.9,"Watch","Below Target"))
A12: 8 | B12: 46025 | C12: Evening | D12: OPC | E12: 1153 | F12: 971.5 | G12: 3.62 | H12: Quality Issue | I12: 1489 | J12: 77157.3 | K12: 5 | L12: 8 | M12: =F12/E12 | N12: =F12/(E12+G12*45) | O12: =I12/F12 | P12: =J12/F12 | Q12: =IFERROR(K12/F12,0) | R12: =IF(M12>=1,"On Target",IF(M12>=0.9,"Watch","Below Target"))
A13: 9 | B13: 46025 | C13: Night | D13: OPC | E13: 1160 | F13: 854.5 | G13: 4.3 | H13: Electrical Failure | I13: 1292.2 | J13: 71286.1 | K13: 2 | L13: 9 | M13: =F13/E13 | N13: =F13/(E13+G13*45) | O13: =I13/F13 | P13: =J13/F13 | Q13: =IFERROR(K13/F13,0) | R13: =IF(M13>=1,"On Target",IF(M13>=0.9,"Watch","Below Target"))
A14: 10 | B14: 46026 | C14: Day | D14: PPC | E14: 1037 | F14: 1065.6 | G14: 0.09 | H14: No Downtime | I14: 1623.3 | J14: 91504.6 | K14: 3 | L14: 7 | M14: =F14/E14 | N14: =F14/(E14+G14*45) | O14: =I14/F14 | P14: =J14/F14 | Q14: =IFERROR(K14/F14,0) | R14: =IF(M14>=1,"On Target",IF(M14>=0.9,"Watch","Below Target"))
A15: 11 | B15: 46026 | C15: Evening | D15: PPC | E15: 1086 | F15: 981.7 | G15: 2.16 | H15: Electrical Failure | I15: 1507.7 | J15: 79844.1 | K15: 3 | L15: 7 | M15: =F15/E15 | N15: =F15/(E15+G15*45) | O15: =I15/F15 | P15: =J15/F15 | Q15: =IFERROR(K15/F15,0) | R15: =IF(M15>=1,"On Target",IF(M15>=0.9,"Watch","Below Target"))
A16: 12 | B16: 46026 | C16: Night | D16: OPC | E16: 1121 | F16: 824.1 | G16: 3.07 | H16: Electrical Failure | I16: 1255.6 | J16: 66150.5 | K16: 1 | L16: 11 | M16: =F16/E16 | N16: =F16/(E16+G16*45) | O16: =I16/F16 | P16: =J16/F16 | Q16: =IFERROR(K16/F16,0) | R16: =IF(M16>=1,"On Target",IF(M16>=0.9,"Watch","Below Target"))
... A274: 270 | B274: 46112 | C274: Night | D274: SRC | E274: 971 | F274: 861.4 | G274: 0.38 | H274: No Downtime | I274: 1307.5 | J274: 72288.9 | K274: 2 | L274: 11 | M274: =F274/E274 | N274: =F274/(E274+G274*45) | O274: =I274/F274 | P274: =J274/F274 | Q274: =IFERROR(K274/F274,0) | R274: =IF(M274>=1,"On Target",IF(M274>=0.9,"Watch","Below Target"))

Sheet Project_Instructions
A1: PRODUCTION ANALYSIS — EXCEL PROJECT
A3: Project Goal | B3: Analyze production performance, identify losses, and recommend improvement actions.
A4: Scenario | B4: You are a Production Engineer responsible for monitoring an industrial production line.
A5: Dataset | B5: 90 days × 3 shifts = 270 production records.
A6: Step 1 | B6: Clean and understand the Raw_Data sheet. Check data types, missing values, duplicates and unusual values.
A7: Step 2 | B7: Calculate Production Achievement %, Efficiency %, Material per Ton, Energy per Ton and Defect Rate %.
A8: Step 3 | B8: Build Pivot Tables for production by date, shift, product and downtime reason.
A9: Step 4 | B9: Identify the main causes of downtime and quantify their contribution.
A10: Step 5 | B10: Compare Day, Evening and Night shifts.
A11: Step 6 | B11: Compare OPC, PPC and SRC performance.
A12: Step 7 | B12: Find periods/products/shifts with production below target.
A13: Step 8 | B13: Build a management dashboard.
A14: Step 9 | B14: Write 5 key findings based only on the data.
A15: Step 10 | B15: Write 3 practical recommendations for improving production performance.

Sheet KPI_Calculations
A1: KPI CALCULATION LAYER
A3: Total Target Production (t) | B3: =SUM(Raw_Data!E5:E274)
A4: Total Actual Production (t) | B4: =SUM(Raw_Data!F5:F274)
A5: Overall Achievement % | B5: =B4/B3
A6: Total Downtime (hr) | B6: =SUM(Raw_Data!G5:G274)
A7: Average Downtime / Record (hr) | B7: =AVERAGE(Raw_Data!G5:G274)
A8: Total Raw Material (t) | B8: =SUM(Raw_Data!I5:I274)
A9: Material / Ton Produced | B9: =B8/B4
A10: Total Energy (kWh) | B10: =SUM(Raw_Data!J5:J274)
A11: Energy / Ton Produced | B11: =B10/B4
A12: Total Defects (t) | B12: =SUM(Raw_Data!K5:K274)
A13: Defect Rate % | B13: =B12/B4
A14: Average Operators / Shift | B14: =AVERAGE(Raw_Data!L5:L274)

Sheet Shift_Analysis
A1: Shift | B1: Target (t) | C1: Actual (t) | D1: Achievement % | E1: Downtime (hr) | F1: Energy/ton | G1: Defect Rate %
A2: Day | B2: =SUMIF(Raw_Data!C:C,A2,Raw_Data!E:E) | C2: =SUMIF(Raw_Data!C:C,A2,Raw_Data!F:F) | D2: =C2/B2 | E2: =SUMIF(Raw_Data!C:C,A2,Raw_Data!G:G) | F2: =SUMIF(Raw_Data!C:C,A2,Raw_Data!J:J)/C2 | G2: =SUMIF(Raw_Data!C:C,A2,Raw_Data!K:K)/C2
A3: Evening | B3: =SUMIF(Raw_Data!C:C,A3,Raw_Data!E:E) | C3: =SUMIF(Raw_Data!C:C,A3,Raw_Data!F:F) | D3: =C3/B3 | E3: =SUMIF(Raw_Data!C:C,A3,Raw_Data!G:G) | F3: =SUMIF(Raw_Data!C:C,A3,Raw_Data!J:J)/C3 | G3: =SUMIF(Raw_Data!C:C,A3,Raw_Data!K:K)/C3
A4: Night | B4: =SUMIF(Raw_Data!C:C,A4,Raw_Data!E:E) | C4: =SUMIF(Raw_Data!C:C,A4,Raw_Data!F:F) | D4: =C4/B4 | E4: =SUMIF(Raw_Data!C:C,A4,Raw_Data!G:G) | F4: =SUMIF(Raw_Data!C:C,A4,Raw_Data!J:J)/C4 | G4: =SUMIF(Raw_Data!C:C,A4,Raw_Data!K:K)/C4

Sheet Product_Analysis
A1: Product | B1: Target (t) | C1: Actual (t) | D1: Achievement % | E1: Downtime (hr) | F1: Material/ton | G1: Energy/ton
A2: OPC | B2: =SUMIF(Raw_Data!D:D,A2,Raw_Data!E:E) | C2: =SUMIF(Raw_Data!D:D,A2,Raw_Data!F:F) | D2: =C2/B2 | E2: =SUMIF(Raw_Data!D:D,A2,Raw_Data!G:G) | F2: =SUMIF(Raw_Data!D:D,A2,Raw_Data!I:I)/C2 | G2: =SUMIF(Raw_Data!D:D,A2,Raw_Data!J:J)/C2
A3: PPC | B3: =SUMIF(Raw_Data!D:D,A3,Raw_Data!E:E) | C3: =SUMIF(Raw_Data!D:D,A3,Raw_Data!F:F) | D3: =C3/B3 | E3: =SUMIF(Raw_Data!D:D,A3,Raw_Data!G:G) | F3: =SUMIF(Raw_Data!D:D,A3,Raw_Data!I:I)/C3 | G3: =SUMIF(Raw_Data!D:D,A3,Raw_Data!J:J)/C3
A4: SRC | B4: =SUMIF(Raw_Data!D:D,A4,Raw_Data!E:E) | C4: =SUMIF(Raw_Data!D:D,A4,Raw_Data!F:F) | D4: =C4/B4 | E4: =SUMIF(Raw_Data!D:D,A4,Raw_Data!G:G) | F4: =SUMIF(Raw_Data!D:D,A4,Raw_Data!I:I)/C4 | G4: =SUMIF(Raw_Data!D:D,A4,Raw_Data!J:J)/C4

Sheet Downtime_Analysis
A1: Downtime Reason | B1: Occurrences | C1: Total Hours | D1: % of Downtime
A2: Mechanical Failure | B2: =COUNTIF(Raw_Data!H:H,A2) | C2: =SUMIF(Raw_Data!H:H,A2,Raw_Data!G:G) | D2: =C2/SUM(Raw_Data!G:G)
A3: Electrical Failure | B3: =COUNTIF(Raw_Data!H:H,A3) | C3: =SUMIF(Raw_Data!H:H,A3,Raw_Data!G:G) | D3: =C3/SUM(Raw_Data!G:G)
A4: Raw Material Shortage | B4: =COUNTIF(Raw_Data!H:H,A4) | C4: =SUMIF(Raw_Data!H:H,A4,Raw_Data!G:G) | D4: =C4/SUM(Raw_Data!G:G)
A5: Quality Issue | B5: =COUNTIF(Raw_Data!H:H,A5) | C5: =SUMIF(Raw_Data!H:H,A5,Raw_Data!G:G) | D5: =C5/SUM(Raw_Data!G:G)
A6: Planned Maintenance | B6: =COUNTIF(Raw_Data!H:H,A6) | C6: =SUMIF(Raw_Data!H:H,A6,Raw_Data!G:G) | D6: =C6/SUM(Raw_Data!G:G)
A7: No Downtime | B7: =COUNTIF(Raw_Data!H:H,A7) | C7: =SUMIF(Raw_Data!H:H,A7,Raw_Data!G:G) | D7: =C7/SUM(Raw_Data!G:G)

Sheet Dashboard
A1: PRODUCTION PERFORMANCE DASHBOARD
A3: Total Production (t) | C3: Target Achievement | E3: Downtime (hr) | G3: Energy / Ton
A4: =KPI_Calculations!B4 | C4: =KPI_Calculations!B5 | E4: =KPI_Calculations!B6 | G4: =KPI_Calculations!B11
F23: Management Focus
F24: 1. Identify the top downtime contributor.
F25: 2. Compare shift performance.
F26: 3. Compare product efficiency.
F27: 4. Investigate below-target periods.
F28: 5. Recommend corrective actions.
